tile_uid,rock_abundance
2,0.005801
7,0.005801
9,0.005801
17,0.005801
24,0.005801
27,0.005801
28,0.005801
31,0.005801
32,0.005801
33,0.005801
35,0.005801
38,0.005801
39,0.005801
41,0.005801
46,0.005801
48,0.005801
51,0.005801
53,0.005801
58,0.005801
61,0.005801
64,0.005801
65,0.005801
66,0.005801
67,0.005801
73,0.005801
75,0.005801
78,0.005801
83,0.005801
84,0.005801
85,0.005801
87,0.005801
88,0.005801
90,0.005801
92,0.005801
94,0.005801
97,0.005801
103,0.005801
104,0.005801
105,0.005801
106,0.005801
108,0.005801
110,0.005801
113,0.005801
115,0.005801
121,0.005801
125,0.005801
127,0.005801
130,0.005801
132,0.005801
135,0.005801
137,0.005801
138,0.005801
139,0.005801
146,0.005801
148,0.005801
159,0.005801
161,0.005801
162,0.005801
163,0.005801
165,0.005801
166,0.005801
167,0.005801
169,0.005801
175,0.005801
178,0.005801
180,0.005801
186,0.005801
188,0.005801
192,0.005801
193,0.005801
197,0.005801
204,0.005801
205,0.005801
206,0.005801
209,0.005801
210,0.005801
215,0.005801
216,0.005801
224,0.005801
226,0.005801
227,0.005801
229,0.005801
230,0.005801
237,0.005801
239,0.005801
242,0.005801
243,0.005801
249,0.005801
251,0.005801
252,0.005801
253,0.005801
257,0.005801
258,0.005801
266,0.005801
268,0.005801
278,0.005801
279,0.005801
284,0.005801
286,0.005801
293,0.005801
294,0.005801
301,0.005801
302,0.005801
303,0.005801
308,0.005801
311,0.005801
314,0.005801
315,0.005801
321,0.005801
322,0.005801
326,0.005801
328,0.005801
329,0.005801
336,0.005801
337,0.005801
340,0.005801
341,0.005801
342,0.005801
343,0.005801
344,0.005801
345,0.005801
352,0.005801
353,0.005801
355,0.005801
362,0.005801
367,0.005801
368,0.005801
370,0.005801
375,0.005801
379,0.005801
382,0.005801
384,0.005801
387,0.005801
389,0.005801
390,0.005801
393,0.005801
397,0.005801
398,0.005801
399,0.005801
407,0.005801
408,0.005801
410,0.005801
416,0.005801
428,0.005801
430,0.005801
431,0.005801
434,0.005801
435,0.005801
436,0.005801
437,0.005801
438,0.005801
440,0.005801
447,0.005801
451,0.005801
452,0.005801
453,0.005801
454,0.005801
456,0.005801
464,0.005801
469,0.005801
470,0.005801
471,0.005801
474,0.005801
475,0.005801
482,0.005801
484,0.005801
486,0.005801
488,0.005801
492,0.005801
494,0.005801
495,0.005801
500,0.005801
504,0.005801
505,0.005801
506,0.005801
507,0.005801
509,0.005801
511,0.005801
513,0.005801
517,0.005801
518,0.005801
524,0.005801
525,0.005801
526,0.005801
528,0.005801
532,0.005801
534,0.005801
535,0.005801
544,0.005801
545,0.005801
548,0.005801
557,0.005801
563,0.005801
565,0.005801
568,0.005801
569,0.005801
570,0.005801
571,0.005801
572,0.005801
575,0.005801
576,0.005801
582,0.005801
583,0.005801
591,0.005801
596,0.005801
598,0.005801
599,0.005801
601,0.005801
602,0.005801
605,0.005801
608,0.005801
610,0.005801
612,0.005801
615,0.005801
617,0.005801
618,0.005801
620,0.005801
622,0.005801
633,0.005801
635,0.005801
637,0.005801
638,0.005801
641,0.005801
643,0.005801
644,0.005801
646,0.005801
649,0.005801
658,0.005801
659,0.005801
660,0.005801
663,0.005801
664,0.005801
666,0.005801
667,0.005801
671,0.005801
676,0.005801
678,0.005801
679,0.005801
683,0.005801
686,0.005801
687,0.005801
693,0.005801
698,0.005801
705,0.005801
706,0.005801
707,0.005801
708,0.005801
710,0.005801
714,0.005801
716,0.005801
719,0.005801
725,0.005801
727,0.005801
731,0.005801
737,0.005801
740,0.005801
743,0.005801
745,0.005801
748,0.005801
751,0.005801
755,0.005801
756,0.005801
757,0.005801
758,0.005801
772,0.005801
773,0.005801
777,0.005801
796,0.005801
799,0.005801
805,0.005801
811,0.005801
812,0.005801
817,0.005801
820,0.005801
825,0.005801
833,0.005801
838,0.005801
840,0.005801
843,0.005801
849,0.005801
857,0.005801
862,0.005801
880,0.005801
883,0.005801
884,0.005801
890,0.005801
895,0.005801
906,0.005801
907,0.005801
912,0.005801
916,0.005801
919,0.005801
921,0.005801
930,0.005801
931,0.005801
932,0.005801
938,0.005801
939,0.005801
943,0.005801
950,0.005801
952,0.005801
953,0.005801
962,0.005801
964,0.005801
966,0.005801
967,0.005801
968,0.005801
970,0.005801
971,0.005801
975,0.005801
976,0.005801
978,0.005801
979,0.005801
981,0.005801
984,0.005801
986,0.005801
989,0.005801
992,0.005801
998,0.005801
1001,0.005801
1004,0.005801
1008,0.005801
1009,0.005801
1010,0.005801
1012,0.005801
1013,0.005801
1015,0.005801
1018,0.005801
1019,0.005801
1022,0.005801
1032,0.005801
1033,0.005801
1036,0.005801
1037,0.005801
1044,0.005801
1045,0.005801
1047,0.005801
1053,0.005801
1054,0.005801
1058,0.005801
1064,0.005801
1065,0.005801
1066,0.005801
1067,0.005801
1068,0.005801
1072,0.005801
1073,0.005801
1076,0.005801
1078,0.005801
1081,0.005801
1082,0.005801
1083,0.005801
1090,0.005801
1092,0.005801
1093,0.005801
1097,0.005801
1102,0.005801
1107,0.005801
1111,0.005801
1112,0.005801
1113,0.005801
1117,0.005801
1121,0.005801
1122,0.005801
1123,0.005801
1124,0.005801
1127,0.005801
1128,0.005801
1129,0.005801
1131,0.005801
1135,0.005801
1137,0.005801
1139,0.005801
1140,0.005801
1141,0.005801
1143,0.005801
1144,0.005801
1145,0.005801
1151,0.005801
1152,0.005801
1155,0.005801
1157,0.005801
1159,0.005801
1162,0.005801
1163,0.005801
1169,0.005801
1175,0.005801
1180,0.005801
1183,0.005801
1184,0.005801
1185,0.005801
1187,0.005801
1189,0.005801
1196,0.005801
1197,0.005801
1201,0.005801
1202,0.005801
1205,0.005801
1206,0.005801
1207,0.005801
1209,0.005801
1210,0.005801
1211,0.005801
1214,0.005801
1215,0.005801
1217,0.005801
1219,0.005801
1222,0.005801
1223,0.005801
1231,0.005801
1233,0.005801
1235,0.005801
1238,0.005801
1240,0.005801
1244,0.005801
1246,0.005801
1249,0.005801
1250,0.005801
1252,0.005801
1255,0.005801
1257,0.005801
1259,0.005801
1261,0.005801
1265,0.005801
1279,0.005801
1280,0.005801
1283,0.005801
1284,0.005801
1286,0.005801
1293,0.005801
1296,0.005801
1297,0.005801
1302,0.005801
1306,0.005801
1307,0.005801
1312,0.005801
1315,0.005801
1319,0.005801
1322,0.005801
1323,0.005801
1326,0.005801
1327,0.005801
1333,0.005801
1334,0.005801
1336,0.005801
1337,0.005801
1341,0.005801
1343,0.005801
1348,0.005801
1349,0.005801
1351,0.005801
1352,0.005801
1354,0.005801
1361,0.005801
1365,0.005801
1367,0.005801
1376,0.005801
1384,0.005801
1385,0.005801
1387,0.005801
1389,0.005801
1391,0.005801
1393,0.005801
1394,0.005801
1397,0.005801
1400,0.005801
1402,0.005801
1403,0.005801
1405,0.005801
1407,0.005801
1409,0.005801
1412,0.005801
1416,0.005801
1424,0.005801
1428,0.005801
1433,0.005801
1439,0.005801
1443,0.005801
1447,0.005801
1449,0.005801
1450,0.005801
1453,0.005801
1454,0.005801
1459,0.005801
1461,0.005801
1463,0.005801
1469,0.005801
1471,0.005801
1473,0.005801
1474,0.005801
1475,0.005801
1478,0.005801
1479,0.005801
1480,0.005801
1481,0.005801
1484,0.005801
1486,0.005801
1489,0.005801
1490,0.005801
1492,0.005801
1493,0.005801
1494,0.005801
1495,0.005801
1498,0.005801
1499,0.005801
1500,0.005801
1503,0.005801
1504,0.005801
1508,0.005801
1511,0.005801
1513,0.005801
1516,0.005801
1518,0.005801
1519,0.005801
1526,0.005801
1527,0.005801
1532,0.005801
1537,0.005801
1538,0.005801
1540,0.005801
1544,0.005801
1545,0.005801
1549,0.005801
1553,0.005801
1557,0.005801
1561,0.005801
1562,0.005801
1566,0.005801
1570,0.005801
1575,0.005801
1580,0.005801
1581,0.005801
1582,0.005801
1583,0.005801
1589,0.005801
1591,0.005801
1595,0.005801
1596,0.005801
1597,0.005801
1604,0.005801
1605,0.005801
1606,0.005801
1613,0.005801
1617,0.005801
1618,0.005801
1621,0.005801
1622,0.005801
1625,0.005801
1629,0.005801
1633,0.005801
1634,0.005801
1639,0.005801
1640,0.005801
1641,0.005801
1642,0.005801
1644,0.005801
1645,0.005801
1648,0.005801
1651,0.005801
1652,0.005801
1654,0.005801
1655,0.005801
1662,0.005801
1663,0.005801
1666,0.005801
1667,0.005801
1674,0.005801
1677,0.005801
1679,0.005801
1682,0.005801
1688,0.005801
1691,0.005801
1693,0.005801
1694,0.005801
1696,0.005801
1697,0.005801
1701,0.005801
1702,0.005801
1703,0.005801
1708,0.005801
1709,0.005801
1710,0.005801
1712,0.005801
1717,0.005801
1718,0.005801
1719,0.005801
1722,0.005801
1729,0.005801
1732,0.005801
1739,0.005801
1740,0.005801
1742,0.005801
1744,0.005801
1748,0.005801
1749,0.005801
1751,0.005801
1759,0.005801
1766,0.005801
1776,0.005801
1777,0.005801
1778,0.005801
1780,0.005801
1784,0.005801
1786,0.005801
1788,0.005801
1791,0.005801
1794,0.005801
1796,0.005801
1797,0.005801
1799,0.005801
1800,0.005801
1802,0.005801
1803,0.005801
1809,0.005801
1810,0.005801
1812,0.005801
1813,0.005801
1815,0.005801
1817,0.005801
1819,0.005801
1820,0.005801
1821,0.005801
1824,0.005801
1827,0.005801
1829,0.005801
1831,0.005801
1833,0.005801
1834,0.005801
1836,0.005801
1837,0.005801
1838,0.005801
1839,0.005801
1842,0.005801
1843,0.005801
1844,0.005801
1846,0.005801
1847,0.005801
1848,0.005801
1856,0.005801
1859,0.005801
1860,0.005801
1861,0.005801
1864,0.005801
1866,0.005801
1872,0.005801
1874,0.005801
1876,0.005801
1887,0.005801
1888,0.005801
1891,0.005801
1894,0.005801
1898,0.005801
1900,0.005801
1906,0.005801
1910,0.005801
1911,0.005801
1913,0.005801
1918,0.005801
1920,0.005801
1925,0.005801
1929,0.005801
1932,0.005801
1935,0.005801
1937,0.005801
1940,0.005801
1950,0.005801
1954,0.005801
1955,0.005801
1961,0.005801
1967,0.005801
1971,0.005801
1973,0.005801
1975,0.005801
1977,0.005801
1980,0.005801
1981,0.005801
1982,0.005801
1983,0.005801
1989,0.005801
1992,0.005801
1994,0.005801
1996,0.005801
1997,0.005801
1998,0.005801
1999,0.005801
2003,0.005801
2005,0.005801
2008,0.005801
2012,0.005801
2019,0.005801
2021,0.005801
2022,0.005801
2023,0.005801
2025,0.005801
2030,0.005801
2034,0.005801
2037,0.005801
2044,0.005801
2045,0.005801
2054,0.005801
2058,0.005801
2068,0.005801
2070,0.005801
2074,0.005801
2076,0.005801
2078,0.005801
2079,0.005801
2081,0.005801
2082,0.005801
2083,0.005801
2085,0.005801
2087,0.005801
2089,0.005801
2090,0.005801
2095,0.005801
2098,0.005801
2099,0.005801
2102,0.005801
2109,0.005801
2111,0.005801
2117,0.005801
2120,0.005801
2122,0.005801
2124,0.005801
2125,0.005801
2131,0.005801
2132,0.005801
2134,0.005801
2135,0.005801
2136,0.005801
2139,0.005801
2149,0.005801
2158,0.005801
2160,0.005801
2161,0.005801
2162,0.005801
2164,0.005801
2167,0.005801
2168,0.005801
2170,0.005801
2173,0.005801
2177,0.005801
2178,0.005801
2179,0.005801
2183,0.005801
2185,0.005801
2186,0.005801
2189,0.005801
2194,0.005801
2196,0.005801
2198,0.005801
2199,0.005801
2204,0.005801
2211,0.005801
2213,0.005801
2219,0.005801
2225,0.005801
2229,0.005801
2231,0.005801
2232,0.005801
2239,0.005801
2241,0.005801
2242,0.005801
2243,0.005801
2244,0.005801
2248,0.005801
2254,0.005801
2255,0.005801
2257,0.005801
2258,0.005801
2259,0.005801
2260,0.005801
2262,0.005801
2266,0.005801
2271,0.005801
2276,0.005801
2278,0.005801
2279,0.005801
2280,0.005801
2282,0.005801
2283,0.005801
2285,0.005801
2288,0.005801
2289,0.005801
2292,0.005801
2294,0.005801
2299,0.005801
2309,0.005801
2313,0.005801
2316,0.005801
2317,0.005801
2318,0.005801
2321,0.005801
2322,0.005801
2323,0.005801
2324,0.005801
2325,0.005801
2329,0.005801
2331,0.005801
2336,0.005801
2341,0.005801
2343,0.005801
2344,0.005801
2348,0.005801
2349,0.005801
2350,0.005801
2362,0.005801
2365,0.005801
2369,0.005801
2371,0.005801
2373,0.005801
2375,0.005801
2379,0.005801
2382,0.005801
2383,0.005801
2386,0.005801
2392,0.005801
2393,0.005801
2394,0.005801
2395,0.005801
2397,0.005801
2403,0.005801
2410,0.005801
2411,0.005801
2414,0.005801
2415,0.005801
2416,0.005801
2418,0.005801
2423,0.005801
2424,0.005801
2425,0.005801
2426,0.005801
2427,0.005801
2443,0.005801
2449,0.005801
2454,0.005801
2455,0.005801
2460,0.005801
2465,0.005801
2469,0.005801
2470,0.005801
2473,0.005801
2474,0.005801
2475,0.005801
2477,0.005801
2480,0.005801
2483,0.005801
2484,0.005801
2485,0.005801
2487,0.005801
2489,0.005801
2490,0.005801
2491,0.005801
2493,0.005801
2497,0.005801
2502,0.005801
2503,0.005801
2504,0.005801
2509,0.005801
2511,0.005801
2522,0.005801
2525,0.005801
2527,0.005801
2529,0.005801
2533,0.005801
2534,0.005801
2535,0.005801
2541,0.005801
2544,0.005801
2548,0.005801
2559,0.005801
2565,0.005801
2567,0.005801
2568,0.005801
2570,0.005801
2575,0.005801
2576,0.005801
2578,0.005801
2579,0.005801
2585,0.005801
2587,0.005801
2589,0.005801
2590,0.005801
2592,0.005801
2598,0.005801
2604,0.005801
2606,0.005801
2608,0.005801
2615,0.005801
2617,0.005801
2619,0.005801
2622,0.005801
2628,0.005801
2631,0.005801
2634,0.005801
2636,0.005801
2637,0.005801
2643,0.005801
2648,0.005801
2652,0.005801
2654,0.005801
2660,0.005801
2665,0.005801
2666,0.005801
2669,0.005801
2672,0.005801
2673,0.005801
2681,0.005801
2682,0.005801
2687,0.005801
2688,0.005801
2689,0.005801
2694,0.005801
2695,0.005801
2700,0.005801
2701,0.005801
2703,0.005801
2705,0.005801
2708,0.005801
2711,0.005801
2713,0.005801
2718,0.005801
2719,0.005801
2722,0.005801
2734,0.005801
2740,0.005801
2744,0.005801
2745,0.005801
2746,0.005801
2750,0.005801
2752,0.005801
2756,0.005801
2758,0.005801
2763,0.005801
2769,0.005801
2771,0.005801
2773,0.005801
2782,0.005801
2784,0.005801
2787,0.005801
2789,0.005801
2802,0.005801
2804,0.005801
2816,0.005801
2817,0.005801
2820,0.005801
2821,0.005801
2823,0.005801
2824,0.005801
2827,0.005801
2828,0.005801
2830,0.005801
2831,0.005801
2832,0.005801
2833,0.005801
2837,0.005801
2843,0.005801
2848,0.005801
2851,0.005801
2852,0.005801
2856,0.005801
2860,0.005801
2869,0.005801
2879,0.005801
2880,0.005801
2883,0.005801
2884,0.005801
2888,0.005801
2889,0.005801
2892,0.005801
2893,0.005801
2895,0.005801
2896,0.005801
2897,0.005801
2898,0.005801
2899,0.005801
2901,0.005801
2905,0.005801
2915,0.005801
2916,0.005801
2917,0.005801
2918,0.005801
2925,0.005801
2928,0.005801
2929,0.005801
2933,0.005801
2937,0.005801
2938,0.005801
2947,0.005801
2948,0.005801
2952,0.005801
2956,0.005801
2957,0.005801
2960,0.005801
2962,0.005801
2963,0.005801
2966,0.005801
2967,0.005801
2974,0.005801
2981,0.005801
2982,0.005801
2987,0.005801
2988,0.005801
2993,0.005801
2998,0.005801
3002,0.005801
3003,0.005801
3006,0.005801
3009,0.005801
3014,0.005801
3016,0.005801
3017,0.005801
3019,0.005801
3021,0.005801
3027,0.005801
3029,0.005801
3031,0.005801
3033,0.005801
3035,0.005801
3036,0.005801
3037,0.005801
3038,0.005801
3041,0.005801
3044,0.005801
3045,0.005801
3048,0.005801
3050,0.005801
3052,0.005801
3053,0.005801
3054,0.005801
3057,0.005801
3059,0.005801
3060,0.005801
3063,0.005801
3064,0.005801
3067,0.005801
3071,0.005801
3077,0.005801
3083,0.005801
3087,0.005801
3088,0.005801
3089,0.005801
3091,0.005801
3094,0.005801
3097,0.005801
3111,0.005801
3113,0.005801
3119,0.005801
3122,0.005801
3125,0.005801
3127,0.005801
3130,0.005801
3134,0.005801
3136,0.005801
3142,0.005801
3146,0.005801
3149,0.005801
3150,0.005801
3154,0.005801
3158,0.005801
3162,0.005801
3165,0.005801
3177,0.005801
3178,0.005801
3182,0.005801
3184,0.005801
3186,0.005801
3192,0.005801
3199,0.005801
3204,0.005801
3206,0.005801
3210,0.005801
3212,0.005801
3213,0.005801
3216,0.005801
3217,0.005801
3218,0.005801
3225,0.005801
3227,0.005801
3232,0.005801
3242,0.005801
3244,0.005801
3248,0.005801
3252,0.005801
3257,0.005801
3259,0.005801
3260,0.005801
3264,0.005801
3266,0.005801
3268,0.005801
3269,0.005801
3280,0.005801
3285,0.005801
3289,0.005801
3290,0.005801
3291,0.005801
3292,0.005801
3293,0.005801
3294,0.005801
3295,0.005801
3296,0.005801
3300,0.005801
3303,0.005801
3309,0.005801
3316,0.005801
3319,0.005801
3320,0.005801
3321,0.005801
3322,0.005801
3326,0.005801
3331,0.005801
3335,0.005801
3343,0.005801
3344,0.005801
3350,0.005801
3354,0.005801
3355,0.005801
3357,0.005801
3359,0.005801
3361,0.005801
3362,0.005801
3363,0.005801
3364,0.005801
3365,0.005801
3367,0.005801
3371,0.005801
3377,0.005801
3382,0.005801
3384,0.005801
3388,0.005801
3389,0.005801
3391,0.005801
3392,0.005801
3393,0.005801
3394,0.005801
3397,0.005801
3399,0.005801
3403,0.005801
3406,0.005801
3413,0.005801
3416,0.005801
3420,0.005801
3423,0.005801
3427,0.005801
3429,0.005801
3433,0.005801
3434,0.005801
3438,0.005801
3441,0.005801
3451,0.005801
3453,0.005801
3456,0.005801
3458,0.005801
3462,0.005801
3464,0.005801
3467,0.005801
3470,0.005801
3472,0.005801
3474,0.005801
3480,0.005801
3487,0.005801
3488,0.005801
3489,0.005801
3497,0.005801
3498,0.005801
3501,0.005801
3503,0.005801
3504,0.005801
3505,0.005801
3507,0.005801
3510,0.005801
3512,0.005801
3514,0.005801
3517,0.005801
3519,0.005801
3520,0.005801
3533,0.005801
3540,0.005801
3541,0.005801
3542,0.005801
3543,0.005801
3545,0.005801
3546,0.005801
3548,0.005801
3554,0.005801
3557,0.005801
3558,0.005801
3565,0.005801
3567,0.005801
3568,0.005801
3572,0.005801
3573,0.005801
3574,0.005801
3575,0.005801
3580,0.005801
3583,0.005801
3585,0.005801
3586,0.005801
3588,0.005801
3589,0.005801
3591,0.005801
3594,0.005801
3601,0.005801
3606,0.005801
3610,0.005801
3615,0.005801
3620,0.005801
3622,0.005801
3623,0.005801
3626,0.005801
3630,0.005801
3632,0.005801
3633,0.005801
3636,0.005801
3637,0.005801
3638,0.005801
3640,0.005801
3644,0.005801
3649,0.005801
3651,0.005801
3656,0.005801
3658,0.005801
3659,0.005801
3661,0.005801
3670,0.005801
3671,0.005801
3672,0.005801
3673,0.005801
3679,0.005801
3684,0.005801
3687,0.005801
3692,0.005801
3695,0.005801
3698,0.005801
3706,0.005801
3709,0.005801
3715,0.005801
3716,0.005801
3717,0.005801
3718,0.005801
3720,0.005801
3723,0.005801
3724,0.005801
3725,0.005801
3727,0.005801
3731,0.005801
3732,0.005801
3734,0.005801
3735,0.005801
3736,0.005801
3737,0.005801
3738,0.005801
3740,0.005801
3746,0.005801
3748,0.005801
3751,0.005801
3753,0.005801
3757,0.005801
3758,0.005801
3760,0.005801
3765,0.005801
3767,0.005801
3769,0.005801
3771,0.005801
3776,0.005801
3778,0.005801
3782,0.005801
3783,0.005801
3795,0.005801
3806,0.005801
3808,0.005801
3811,0.005801
3812,0.005801
3817,0.005801
3818,0.005801
3820,0.005801
3822,0.005801
3823,0.005801
3824,0.005801
3826,0.005801
3827,0.005801
3831,0.005801
3834,0.005801
3836,0.005801
3838,0.005801
3841,0.005801
3843,0.005801
3847,0.005801
3848,0.005801
3851,0.005801
3854,0.005801
3856,0.005801
3857,0.005801
3859,0.005801
3862,0.005801
3864,0.005801
3869,0.005801
3873,0.005801
3876,0.005801
3882,0.005801
3885,0.005801
3886,0.005801
3887,0.005801
3892,0.005801
3894,0.005801
3895,0.005801
3897,0.005801
3898,0.005801
3900,0.005801
3901,0.005801
3902,0.005801
3906,0.005801
3907,0.005801
3909,0.005801
3910,0.005801
3911,0.005801
3914,0.005801
3916,0.005801
3919,0.005801
3926,0.005801
3929,0.005801
3930,0.005801
3931,0.005801
3935,0.005801
3936,0.005801
3938,0.005801
3943,0.005801
3947,0.005801
3950,0.005801
3951,0.005801
3955,0.005801
3957,0.005801
3959,0.005801
3966,0.005801
3970,0.005801
3972,0.005801
3973,0.005801
3975,0.005801
3977,0.005801
3979,0.005801
3981,0.005801
3989,0.005801
3991,0.005801
3995,0.005801
3999,0.005801
4001,0.005801
4002,0.005801
4005,0.005801
4007,0.005801
4008,0.005801
4009,0.005801
4010,0.005801
4011,0.005801
4012,0.005801
4018,0.005801
4019,0.005801
4024,0.005801
4026,0.005801
4031,0.005801
4033,0.005801
4038,0.005801
4040,0.005801
4043,0.005801
4045,0.005801
4046,0.005801
4048,0.005801
4049,0.005801
4051,0.005801
4053,0.005801
4056,0.005801
4058,0.005801
4060,0.005801
4062,0.005801
4072,0.005801
4073,0.005801
4081,0.005801
4086,0.005801
4089,0.005801
4090,0.005801
4091,0.005801
4092,0.005801
4101,0.005801
4102,0.005801
4105,0.005801
4110,0.005801
4111,0.005801
4117,0.005801
4126,0.005801
4132,0.005801
4136,0.005801
4140,0.005801
4144,0.005801
4147,0.005801
4154,0.005801
4156,0.005801
4158,0.005801
4159,0.005801
4161,0.005801
4168,0.005801
4169,0.005801
4173,0.005801
4175,0.005801
4176,0.005801
4179,0.005801
4182,0.005801
4184,0.005801
4188,0.005801
4191,0.005801
4193,0.005801
4194,0.005801
4202,0.005801
4209,0.005801
4210,0.005801
4216,0.005801
4217,0.005801
4218,0.005801
4222,0.005801
4223,0.005801
4232,0.005801
4239,0.005801
4240,0.005801
4243,0.005801
4255,0.005801
4258,0.005801
4261,0.005801
4263,0.005801
4271,0.005801
4272,0.005801
4273,0.005801
4274,0.005801
4281,0.005801
4282,0.005801
4286,0.005801
4290,0.005801
4294,0.005801
4301,0.005801
4306,0.005801
4308,0.005801
4313,0.005801
4315,0.005801
4319,0.005801
4322,0.005801
4324,0.005801
4334,0.005801
4338,0.005801
4340,0.005801
4341,0.005801
4343,0.005801
4344,0.005801
4350,0.005801
4351,0.005801
4352,0.005801
4355,0.005801
4358,0.005801
4359,0.005801
4360,0.005801
4361,0.005801
4364,0.005801
4368,0.005801
4372,0.005801
4376,0.005801
4378,0.005801
4385,0.005801
4386,0.005801
4390,0.005801
4391,0.005801
4392,0.005801
4395,0.005801
4396,0.005801
4403,0.005801
4405,0.005801
4408,0.005801
4410,0.005801
4414,0.005801
4416,0.005801
4418,0.005801
4419,0.005801
4421,0.005801
4422,0.005801
4429,0.005801
4432,0.005801
4441,0.005801
4452,0.005801
4454,0.005801
4455,0.005801
4461,0.005801
4470,0.005801
4474,0.005801
4476,0.005801
4483,0.005801
4485,0.005801
4489,0.005801
4490,0.005801
4493,0.005801
4495,0.005801
4506,0.005801
4508,0.005801
4509,0.005801
4510,0.005801
4513,0.005801
4518,0.005801
4522,0.005801
4525,0.005801
4533,0.005801
4536,0.005801
4539,0.005801
4542,0.005801
4545,0.005801
4547,0.005801
4554,0.005801
4555,0.005801
4557,0.005801
4565,0.005801
4570,0.005801
4572,0.005801
4575,0.005801
4577,0.005801
4578,0.005801
4580,0.005801
4585,0.005801
4589,0.005801
4591,0.005801
4593,0.005801
4595,0.005801
4596,0.005801
4597,0.005801
4608,0.005801
4611,0.005801
4613,0.005801
4614,0.005801
4615,0.005801
4618,0.005801
4622,0.005801
4625,0.005801
4628,0.005801
4633,0.005801
4638,0.005801
4639,0.005801
4640,0.005801
4641,0.005801
4644,0.005801
4648,0.005801
4651,0.005801
4652,0.005801
4659,0.005801
4664,0.005801
4665,0.005801
4666,0.005801
4674,0.005801
4675,0.005801
4682,0.005801
4683,0.005801
4685,0.005801
4686,0.005801
4700,0.005801
4702,0.005801
4703,0.005801
4704,0.005801
4707,0.005801
4711,0.005801
4712,0.005801
4713,0.005801
4714,0.005801
4718,0.005801
4721,0.005801
4722,0.005801
4723,0.005801
4726,0.005801
4729,0.005801
4732,0.005801
4733,0.005801
4735,0.005801
4738,0.005801
4744,0.005801
4749,0.005801
4752,0.005801
4753,0.005801
4756,0.005801
4760,0.005801
4766,0.005801
4768,0.005801
4770,0.005801
4774,0.005801
4783,0.005801
4784,0.005801
4787,0.005801
4788,0.005801
4790,0.005801
4791,0.005801
4794,0.005801
4799,0.005801
4809,0.005801
4810,0.005801
4815,0.005801
4817,0.005801
4818,0.005801
4821,0.005801
4822,0.005801
4824,0.005801
4829,0.005801
4832,0.005801
4836,0.005801
4838,0.005801
4841,0.005801
4842,0.005801
4847,0.005801
4850,0.005801
4851,0.005801
4852,0.005801
4853,0.005801
4867,0.005801
4870,0.005801
4873,0.005801
4874,0.005801
4878,0.005801
4879,0.005801
4880,0.005801
4881,0.005801
4882,0.005801
4884,0.005801
4885,0.005801
4886,0.005801
4893,0.005801
4897,0.005801
4898,0.005801
4902,0.005801
4904,0.005801
4905,0.005801
4907,0.005801
4909,0.005801
4913,0.005801
4915,0.005801
4917,0.005801
4919,0.005801
4922,0.005801
4928,0.005801
4929,0.005801
4932,0.005801
4933,0.005801
4934,0.005801
4936,0.005801
4944,0.005801
4953,0.005801
4954,0.005801
4955,0.005801
4956,0.005801
4960,0.005801
4965,0.005801
4966,0.005801
4967,0.005801
4972,0.005801
4973,0.005801
4980,0.005801
4987,0.005801
4989,0.005801
4991,0.005801
4992,0.005801
4993,0.005801
4995,0.005801
4997,0.005801
4998,0.005801
4999,0.005801
5001,0.005801
5006,0.005801
5007,0.005801
5008,0.005801
5009,0.005801
5019,0.005801
5023,0.005801
5025,0.005801
5028,0.005801
5031,0.005801
5040,0.005801
5042,0.005801
5044,0.005801
5052,0.005801
5054,0.005801
5056,0.005801
5057,0.005801
5058,0.005801
5061,0.005801
5063,0.005801
5064,0.005801
5068,0.005801
5070,0.005801
5075,0.005801
5078,0.005801
5080,0.005801
5083,0.005801
5088,0.005801
5090,0.005801
5092,0.005801
5096,0.005801
5098,0.005801
5100,0.005801
5103,0.005801
5105,0.005801
5106,0.005801
5114,0.005801
5122,0.005801
5126,0.005801
5127,0.005801
5130,0.005801
5131,0.005801
5133,0.005801
5136,0.005801
5137,0.005801
5138,0.005801
5141,0.005801
5145,0.005801
5147,0.005801
5148,0.005801
5157,0.005801
5159,0.005801
5160,0.005801
5164,0.005801
5165,0.005801
5166,0.005801
5168,0.005801
5169,0.005801
5171,0.005801
5173,0.005801
5179,0.005801
5185,0.005801
5186,0.005801
5190,0.005801
5204,0.005801
5205,0.005801
5206,0.005801
5208,0.005801
5210,0.005801
5212,0.005801
5216,0.005801
5218,0.005801
5220,0.005801
5223,0.005801
5224,0.005801
5227,0.005801
5228,0.005801
5235,0.005801
5237,0.005801
5242,0.005801
5243,0.005801
5250,0.005801
5255,0.005801
5259,0.005801
5263,0.005801
5266,0.005801
5267,0.005801
5271,0.005801
5276,0.005801
5281,0.005801
5284,0.005801
5285,0.005801
5286,0.005801
5291,0.005801
5299,0.005801
5302,0.005801
5303,0.005801
5304,0.005801
5306,0.005801
5308,0.005801
5309,0.005801
5316,0.005801
5319,0.005801
5323,0.005801
5327,0.005801
5332,0.005801
5333,0.005801
5339,0.005801
5342,0.005801
5344,0.005801
5348,0.005801
5351,0.005801
5353,0.005801
5360,0.005801
5362,0.005801
5365,0.005801
5367,0.005801
5371,0.005801
5377,0.005801
5379,0.005801
5386,0.005801
5387,0.005801
5394,0.005801
5396,0.005801
5399,0.005801
5402,0.005801
5404,0.005801
5407,0.005801
5408,0.005801
5417,0.005801
5418,0.005801
5420,0.005801
5422,0.005801
5424,0.005801
5425,0.005801
5426,0.005801
5427,0.005801
5429,0.005801
5433,0.005801
5437,0.005801
5440,0.005801
5444,0.005801
5451,0.005801
5459,0.005801
5460,0.005801
5461,0.005801
5462,0.005801
5463,0.005801
5464,0.005801
5467,0.005801
5471,0.005801
5472,0.005801
5477,0.005801
5479,0.005801
5484,0.005801
5488,0.005801
5490,0.005801
5495,0.005801
5496,0.005801
5497,0.005801
5498,0.005801
5500,0.005801
5506,0.005801
5507,0.005801
5509,0.005801
5512,0.005801
5515,0.005801
5516,0.005801
5517,0.005801
5518,0.005801
5521,0.005801
5522,0.005801
5532,0.005801
5539,0.005801
5540,0.005801
5542,0.005801
5543,0.005801
5553,0.005801
5556,0.005801
5558,0.005801
5559,0.005801
5564,0.005801
5568,0.005801
5569,0.005801
5575,0.005801
5579,0.005801
5581,0.005801
5582,0.005801
5585,0.005801
5586,0.005801
5593,0.005801
5603,0.005801
5604,0.005801
5605,0.005801
5610,0.005801
5616,0.005801
5624,0.005801
5625,0.005801
5626,0.005801
5628,0.005801
5629,0.005801
5631,0.005801
5632,0.005801
5634,0.005801
5638,0.005801
5642,0.005801
5643,0.005801
5644,0.005801
5651,0.005801
5652,0.005801
5654,0.005801
5656,0.005801
5660,0.005801
5661,0.005801
5663,0.005801
5664,0.005801
5670,0.005801
5678,0.005801
5679,0.005801
5681,0.005801
5684,0.005801
5685,0.005801
5686,0.005801
5687,0.005801
5688,0.005801
5689,0.005801
5693,0.005801
5695,0.005801
5696,0.005801
5698,0.005801
5699,0.005801
5702,0.005801
5707,0.005801
5709,0.005801
5710,0.005801
5714,0.005801
5715,0.005801
5717,0.005801
5718,0.005801
5720,0.005801
5721,0.005801
5726,0.005801
5727,0.005801
5738,0.005801
5742,0.005801
5745,0.005801
5751,0.005801
5752,0.005801
5754,0.005801
5755,0.005801
5756,0.005801
5759,0.005801
5763,0.005801
5764,0.005801
5766,0.005801
5768,0.005801
5769,0.005801
5770,0.005801
5774,0.005801
5776,0.005801
5779,0.005801
5781,0.005801
5785,0.005801
5787,0.005801
5800,0.005801
5801,0.005801
5803,0.005801
5809,0.005801
5820,0.005801
5822,0.005801
5823,0.005801
5824,0.005801
5839,0.005801
5842,0.005801
5849,0.005801
5853,0.005801
5864,0.005801
5866,0.005801
5868,0.005801
5869,0.005801
5876,0.005801
5882,0.005801
5884,0.005801
5886,0.005801
5889,0.005801
5892,0.005801
5895,0.005801
5897,0.005801
5903,0.005801
5904,0.005801
5907,0.005801
5909,0.005801
5912,0.005801
5913,0.005801
5917,0.005801
5924,0.005801
5925,0.005801
5927,0.005801
5934,0.005801
5936,0.005801
5938,0.005801
5940,0.005801
5941,0.005801
5942,0.005801
5948,0.005801
5949,0.005801
5950,0.005801
5951,0.005801
5953,0.005801
5960,0.005801
5963,0.005801
5964,0.005801
5965,0.005801
5966,0.005801
5968,0.005801
5971,0.005801
5977,0.005801
5980,0.005801
5984,0.005801
5993,0.005801
5994,0.005801
5995,0.005801
5996,0.005801
6004,0.005801
6009,0.005801
6014,0.005801
6015,0.005801
6016,0.005801
6018,0.005801
6019,0.005801
6021,0.005801
6022,0.005801
6027,0.005801
6028,0.005801
6034,0.005801
6035,0.005801
6043,0.005801
6044,0.005801
6045,0.005801
6050,0.005801
6051,0.005801
6055,0.005801
6057,0.005801
6063,0.005801
6064,0.005801
6069,0.005801
6075,0.005801
6076,0.005801
6081,0.005801
6082,0.005801
6083,0.005801
6086,0.005801
6087,0.005801
6088,0.005801
6097,0.005801
6099,0.005801
6102,0.005801
6103,0.005801
6104,0.005801
6107,0.005801
6109,0.005801
6111,0.005801
6117,0.005801
6118,0.005801
6124,0.005801
6130,0.005801
6131,0.005801
6139,0.005801
6140,0.005801
6141,0.005801
6145,0.005801
6146,0.005801
6147,0.005801
6149,0.005801
6152,0.005801
6153,0.005801
6161,0.005801
6163,0.005801
6165,0.005801
6166,0.005801
6169,0.005801
6170,0.005801
6173,0.005801
6177,0.005801
6180,0.005801
6181,0.005801
6182,0.005801
6184,0.005801
6187,0.005801
6191,0.005801
6192,0.005801
6194,0.005801
6200,0.005801
6204,0.005801
6208,0.005801
6211,0.005801
6212,0.005801
6213,0.005801
6214,0.005801
6217,0.005801
6219,0.005801
6233,0.005801
6234,0.005801
6237,0.005801
6239,0.005801
6251,0.005801
6256,0.005801
6259,0.005801
6263,0.005801
6270,0.005801
6271,0.005801
6274,0.005801
6280,0.005801
6282,0.005801
6283,0.005801
6285,0.005801
6288,0.005801
6289,0.005801
6291,0.005801
6294,0.005801
6300,0.005801
6301,0.005801
6304,0.005801
6311,0.005801
6312,0.005801
6313,0.005801
6316,0.005801
6318,0.005801
6320,0.005801
6321,0.005801
6322,0.005801
6324,0.005801
6326,0.005801
6328,0.005801
6330,0.005801
6332,0.005801
6333,0.005801
6336,0.005801
6338,0.005801
6340,0.005801
6341,0.005801
6344,0.005801
6347,0.005801
6350,0.005801
6353,0.005801
6357,0.005801
6361,0.005801
6362,0.005801
6363,0.005801
6365,0.005801
6366,0.005801
6367,0.005801
6376,0.005801
6378,0.005801
6383,0.005801
6384,0.005801
6386,0.005801
6388,0.005801
6391,0.005801
6392,0.005801
6396,0.005801
6399,0.005801
6402,0.005801
6407,0.005801
6408,0.005801
6409,0.005801
6417,0.005801
6418,0.005801
6419,0.005801
6421,0.005801
6425,0.005801
6427,0.005801
6431,0.005801
6432,0.005801
6433,0.005801
6436,0.005801
6438,0.005801
6441,0.005801
6442,0.005801
6446,0.005801
6448,0.005801
6453,0.005801
6463,0.005801
6469,0.005801
6470,0.005801
6471,0.005801
6472,0.005801
6473,0.005801
6474,0.005801
6475,0.005801
6478,0.005801
6481,0.005801
6487,0.005801
6489,0.005801
6493,0.005801
6498,0.005801
6499,0.005801
6502,0.005801
6504,0.005801
6506,0.005801
6512,0.005801
6514,0.005801
6516,0.005801
6523,0.005801
6528,0.005801
6530,0.005801
6539,0.005801
6541,0.005801
6545,0.005801
6549,0.005801
6552,0.005801
6554,0.005801
6559,0.005801
6560,0.005801
6561,0.005801
6569,0.005801
6572,0.005801
6573,0.005801
6575,0.005801
6577,0.005801
6585,0.005801
6586,0.005801
6589,0.005801
6593,0.005801
6595,0.005801
6596,0.005801
6597,0.005801
6598,0.005801
6599,0.005801
6604,0.005801
6608,0.005801
6611,0.005801
6614,0.005801
6617,0.005801
6621,0.005801
6622,0.005801
6623,0.005801
6624,0.005801
6631,0.005801
6633,0.005801
6634,0.005801
6643,0.005801
6644,0.005801
6648,0.005801
6649,0.005801
6650,0.005801
6657,0.005801
6660,0.005801
6666,0.005801
6668,0.005801
6669,0.005801
6671,0.005801
6672,0.005801
6673,0.005801
6676,0.005801
6678,0.005801
6679,0.005801
6681,0.005801
6682,0.005801
6683,0.005801
6685,0.005801
6689,0.005801
6690,0.005801
6693,0.005801
6694,0.005801
6697,0.005801
6698,0.005801
6699,0.005801
6700,0.005801
6704,0.005801
6706,0.005801
6712,0.005801
6715,0.005801
6716,0.005801
6718,0.005801
6721,0.005801
6728,0.005801
6729,0.005801
6741,0.005801
6744,0.005801
6748,0.005801
6751,0.005801
6752,0.005801
6753,0.005801
6755,0.005801
6757,0.005801
6760,0.005801
6761,0.005801
6762,0.005801
6765,0.005801
6768,0.005801
6770,0.005801
6778,0.005801
6779,0.005801
6780,0.005801
6789,0.005801
6790,0.005801
6791,0.005801
6794,0.005801
6795,0.005801
6798,0.005801
6799,0.005801
6801,0.005801
6805,0.005801
6806,0.005801
6807,0.005801
6808,0.005801
6810,0.005801
6815,0.005801
6819,0.005801
6821,0.005801
6823,0.005801
6826,0.005801
6831,0.005801
6833,0.005801
6835,0.005801
6836,0.005801
6837,0.005801
6845,0.005801
6846,0.005801
6847,0.005801
6848,0.005801
6850,0.005801
6851,0.005801
6854,0.005801
6856,0.005801
6866,0.005801
6867,0.005801
6871,0.005801
6874,0.005801
6889,0.005801
6890,0.005801
6891,0.005801
6895,0.005801
6898,0.005801
6904,0.005801
6911,0.005801
6912,0.005801
6918,0.005801
6926,0.005801
6930,0.005801
6933,0.005801
6934,0.005801
6937,0.005801
6938,0.005801
6939,0.005801
6941,0.005801
6943,0.005801
6946,0.005801
6948,0.005801
6955,0.005801
6957,0.005801
6962,0.005801
6963,0.005801
6967,0.005801
6973,0.005801
6975,0.005801
6977,0.005801
6986,0.005801
6988,0.005801
6989,0.005801
6990,0.005801
6991,0.005801
6997,0.005801
6999,0.005801
7005,0.005801
7006,0.005801
7011,0.005801
7019,0.005801
7022,0.005801
7025,0.005801
7028,0.005801
7030,0.005801
7039,0.005801
7048,0.005801
7049,0.005801
7052,0.005801
7054,0.005801
7062,0.005801
7066,0.005801
7067,0.005801
7071,0.005801
7072,0.005801
7073,0.005801
7075,0.005801
7078,0.005801
7081,0.005801
7085,0.005801
7086,0.005801
7087,0.005801
7089,0.005801
7092,0.005801
7096,0.005801
7099,0.005801
7102,0.005801
7107,0.005801
7109,0.005801
7113,0.005801
7115,0.005801
7117,0.005801
7119,0.005801
7120,0.005801
7122,0.005801
7123,0.005801
7124,0.005801
7127,0.005801
7128,0.005801
7129,0.005801
7130,0.005801
7133,0.005801
7135,0.005801
7137,0.005801
7138,0.005801
7139,0.005801
7141,0.005801
7142,0.005801
7145,0.005801
7160,0.005801
7163,0.005801
7171,0.005801
7174,0.005801
7178,0.005801
7180,0.005801
7183,0.005801
7185,0.005801
7189,0.005801
7190,0.005801
7192,0.005801
7193,0.005801
7194,0.005801
7195,0.005801
7196,0.005801
7200,0.005801
7202,0.005801
7203,0.005801
7207,0.005801
7208,0.005801
7215,0.005801
7216,0.005801
7217,0.005801
7219,0.005801
7225,0.005801
7226,0.005801
7227,0.005801
7228,0.005801
7232,0.005801
7235,0.005801
7237,0.005801
7238,0.005801
7242,0.005801
7247,0.005801
7248,0.005801
7257,0.005801
7258,0.005801
7259,0.005801
7260,0.005801
7268,0.005801
7270,0.005801
7271,0.005801
7272,0.005801
7274,0.005801
7275,0.005801
7286,0.005801
7288,0.005801
7289,0.005801
7290,0.005801
7293,0.005801
7295,0.005801
7300,0.005801
7303,0.005801
7306,0.005801
7307,0.005801
7315,0.005801
7319,0.005801
7320,0.005801
7322,0.005801
7324,0.005801
7325,0.005801
7329,0.005801
7331,0.005801
7343,0.005801
7346,0.005801
7350,0.005801
7353,0.005801
7355,0.005801
7356,0.005801
7358,0.005801
7365,0.005801
7373,0.005801
7374,0.005801
7375,0.005801
7380,0.005801
7382,0.005801
7385,0.005801
7386,0.005801
7396,0.005801
7397,0.005801
7403,0.005801
7406,0.005801
7412,0.005801
7415,0.005801
7416,0.005801
7420,0.005801
7421,0.005801
7422,0.005801
7423,0.005801
7424,0.005801
7429,0.005801
7430,0.005801
7431,0.005801
7436,0.005801
7439,0.005801
7446,0.005801
7449,0.005801
7450,0.005801
7453,0.005801
7459,0.005801
7460,0.005801
7461,0.005801
7462,0.005801
7464,0.005801
7469,0.005801
7471,0.005801
7473,0.005801
7475,0.005801
7479,0.005801
7480,0.005801
7487,0.005801
7489,0.005801
7492,0.005801
7493,0.005801
7496,0.005801
7497,0.005801
7498,0.005801
7502,0.005801
7511,0.005801
7513,0.005801
7514,0.005801
7517,0.005801
7521,0.005801
7522,0.005801
7523,0.005801
7524,0.005801
7530,0.005801
7531,0.005801
7532,0.005801
7536,0.005801
7537,0.005801
7539,0.005801
7541,0.005801
7542,0.005801
7547,0.005801
7548,0.005801
7551,0.005801
7554,0.005801
7560,0.005801
7561,0.005801
7562,0.005801
7565,0.005801
7566,0.005801
7567,0.005801
7568,0.005801
7569,0.005801
7571,0.005801
7572,0.005801
7578,0.005801
7581,0.005801
7582,0.005801
7587,0.005801
7588,0.005801
7590,0.005801
7592,0.005801
7593,0.005801
7601,0.005801
7605,0.005801
7607,0.005801
7616,0.005801
7617,0.005801
7623,0.005801
7633,0.005801
7634,0.005801
7636,0.005801
7638,0.005801
7642,0.005801
7647,0.005801
7649,0.005801
7652,0.005801
7663,0.005801
7664,0.005801
7667,0.005801
7678,0.005801
7679,0.005801
7681,0.005801
7682,0.005801
7683,0.005801
7684,0.005801
7685,0.005801
7688,0.005801
7692,0.005801
7700,0.005801
7704,0.005801
7705,0.005801
7706,0.005801
7708,0.005801
7711,0.005801
7712,0.005801
7715,0.005801
7717,0.005801
7719,0.005801
7721,0.005801
7729,0.005801
7733,0.005801
7735,0.005801
7738,0.005801
7741,0.005801
7747,0.005801
7749,0.005801
7750,0.005801
7754,0.005801
7756,0.005801
7757,0.005801
7761,0.005801
7763,0.005801
7764,0.005801
7766,0.005801
7769,0.005801
7770,0.005801
7772,0.005801
7773,0.005801
7774,0.005801
7783,0.005801
7785,0.005801
7787,0.005801
7788,0.005801
7791,0.005801
7792,0.005801
7793,0.005801
7795,0.005801
7797,0.005801
7799,0.005801
7803,0.005801
7805,0.005801
7806,0.005801
7810,0.005801
7812,0.005801
7817,0.005801
7818,0.005801
7820,0.005801
7823,0.005801
7829,0.005801
7831,0.005801
7832,0.005801
7838,0.005801
7841,0.005801
7842,0.005801
7844,0.005801
7845,0.005801
7846,0.005801
7849,0.005801
7854,0.005801
7858,0.005801
7860,0.005801
7861,0.005801
7862,0.005801
7864,0.005801
7866,0.005801
7867,0.005801
7871,0.005801
7875,0.005801
7878,0.005801
7880,0.005801
7884,0.005801
7886,0.005801
7888,0.005801
7889,0.005801
7890,0.005801
7892,0.005801
7894,0.005801
7904,0.005801
7911,0.005801
7912,0.005801
7913,0.005801
7917,0.005801
7919,0.005801
7922,0.005801
7926,0.005801
7927,0.005801
7930,0.005801
7938,0.005801
7939,0.005801
7944,0.005801
7948,0.005801
7949,0.005801
7950,0.005801
7956,0.005801
7957,0.005801
7958,0.005801
7959,0.005801
7963,0.005801
7965,0.005801
7967,0.005801
7975,0.005801
7978,0.005801
7983,0.005801
7987,0.005801
7990,0.005801
7992,0.005801
7994,0.005801
7996,0.005801
8003,0.005801
8006,0.005801
8009,0.005801
8010,0.005801
8011,0.005801
8015,0.005801
8018,0.005801
8023,0.005801
8036,0.005801
8038,0.005801
8039,0.005801
8042,0.005801
8043,0.005801
8045,0.005801
8047,0.005801
8048,0.005801
8050,0.005801
8051,0.005801
8055,0.005801
8056,0.005801
8057,0.005801
8060,0.005801
8061,0.005801
8063,0.005801
8066,0.005801
8071,0.005801
8082,0.005801
8089,0.005801
8094,0.005801
8095,0.005801
8097,0.005801
8099,0.005801
8100,0.005801
8101,0.005801
8106,0.005801
8110,0.005801
8117,0.005801
8119,0.005801
8120,0.005801
8121,0.005801
8126,0.005801
8136,0.005801
8138,0.005801
8142,0.005801
8147,0.005801
8150,0.005801
8153,0.005801
8154,0.005801
8157,0.005801
8161,0.005801
8162,0.005801
8163,0.005801
8169,0.005801
8170,0.005801
8171,0.005801
8172,0.005801
8175,0.005801
8177,0.005801
8178,0.005801
8179,0.005801
8181,0.005801
8182,0.005801
8186,0.005801
8188,0.005801
8189,0.005801
8197,0.005801
8198,0.005801
8200,0.005801
8201,0.005801
8204,0.005801
8205,0.005801
8206,0.005801
8208,0.005801
8210,0.005801
8211,0.005801
8215,0.005801
8221,0.005801
8223,0.005801
8227,0.005801
8228,0.005801
8230,0.005801
8232,0.005801
8233,0.005801
8234,0.005801
8236,0.005801
8238,0.005801
8240,0.005801
8241,0.005801
8244,0.005801
8245,0.005801
8251,0.005801
8260,0.005801
8262,0.005801
8265,0.005801
8267,0.005801
8268,0.005801
8270,0.005801
8271,0.005801
8272,0.005801
8276,0.005801
8277,0.005801
8279,0.005801
8280,0.005801
8284,0.005801
8286,0.005801
8287,0.005801
8288,0.005801
8289,0.005801
8293,0.005801
8294,0.005801
8298,0.005801
8300,0.005801
8304,0.005801
8305,0.005801
8308,0.005801
8309,0.005801
8312,0.005801
8315,0.005801
8317,0.005801
8318,0.005801
8322,0.005801
8325,0.005801
8326,0.005801
8329,0.005801
8330,0.005801
8332,0.005801
8333,0.005801
8334,0.005801
8342,0.005801
8348,0.005801
8349,0.005801
8351,0.005801
8353,0.005801
8361,0.005801
8372,0.005801
8377,0.005801
8379,0.005801
8380,0.005801
8384,0.005801
8394,0.005801
8401,0.005801
8403,0.005801
8407,0.005801
8408,0.005801
8409,0.005801
8410,0.005801
8411,0.005801
8412,0.005801
8413,0.005801
8414,0.005801
8419,0.005801
8422,0.005801
8424,0.005801
8438,0.005801
8440,0.005801
8444,0.005801
8448,0.005801
8451,0.005801
8452,0.005801
8453,0.005801
8457,0.005801
8462,0.005801
8463,0.005801
8467,0.005801
8471,0.005801
8472,0.005801
8474,0.005801
8476,0.005801
8479,0.005801
8483,0.005801
8485,0.005801
8487,0.005801
8490,0.005801
8499,0.005801
8500,0.005801
8501,0.005801
8503,0.005801
8504,0.005801
8509,0.005801
8512,0.005801
8514,0.005801
8517,0.005801
8518,0.005801
8520,0.005801
8521,0.005801
8525,0.005801
8529,0.005801
8533,0.005801
8534,0.005801
8536,0.005801
8537,0.005801
8538,0.005801
8539,0.005801
8545,0.005801
8547,0.005801
8548,0.005801
8549,0.005801
8558,0.005801
8559,0.005801
8560,0.005801
8562,0.005801
8566,0.005801
8568,0.005801
8570,0.005801
8576,0.005801
8579,0.005801
8582,0.005801
8583,0.005801
8584,0.005801
8592,0.005801
8593,0.005801
8600,0.005801
8602,0.005801
8603,0.005801
8605,0.005801
8608,0.005801
8611,0.005801
8612,0.005801
8622,0.005801
8624,0.005801
8633,0.005801
8640,0.005801
8642,0.005801
8643,0.005801
8644,0.005801
8647,0.005801
8650,0.005801
8654,0.005801
8660,0.005801
8664,0.005801
8665,0.005801
8667,0.005801
8670,0.005801
8676,0.005801
8679,0.005801
8684,0.005801
8685,0.005801
8686,0.005801
8687,0.005801
8689,0.005801
8691,0.005801
8693,0.005801
8694,0.005801
8695,0.005801
8696,0.005801
8708,0.005801
8710,0.005801
8714,0.005801
8717,0.005801
8718,0.005801
8724,0.005801
8727,0.005801
8728,0.005801
8729,0.005801
8730,0.005801
8732,0.005801
8735,0.005801
8739,0.005801
8740,0.005801
8744,0.005801
8755,0.005801
8758,0.005801
8759,0.005801
8763,0.005801
8764,0.005801
8775,0.005801
8776,0.005801
8781,0.005801
8783,0.005801
8785,0.005801
8789,0.005801
8791,0.005801
8792,0.005801
8795,0.005801
8796,0.005801
8797,0.005801
8803,0.005801
8804,0.005801
8805,0.005801
8814,0.005801
8815,0.005801
8816,0.005801
8819,0.005801
8822,0.005801
8823,0.005801
8829,0.005801
8831,0.005801
8834,0.005801
8835,0.005801
8841,0.005801
8843,0.005801
8846,0.005801
8849,0.005801
8853,0.005801
8859,0.005801
8867,0.005801
8869,0.005801
8870,0.005801
8872,0.005801
8875,0.005801
8877,0.005801
8881,0.005801
8882,0.005801
8884,0.005801
8887,0.005801
8895,0.005801
8899,0.005801
8900,0.005801
8908,0.005801
8910,0.005801
8913,0.005801
8917,0.005801
8924,0.005801
8927,0.005801
8937,0.005801
8941,0.005801
8943,0.005801
8944,0.005801
8945,0.005801
8948,0.005801
8951,0.005801
8952,0.005801
8955,0.005801
8956,0.005801
8957,0.005801
8960,0.005801
8962,0.005801
8963,0.005801
8967,0.005801
8969,0.005801
8970,0.005801
8973,0.005801
8975,0.005801
8978,0.005801
8979,0.005801
8981,0.005801
8984,0.005801
8986,0.005801
8997,0.005801
9008,0.005801
9015,0.005801
9016,0.005801
9017,0.005801
9019,0.005801
9020,0.005801
9025,0.005801
9031,0.005801
9034,0.005801
9035,0.005801
9036,0.005801
9047,0.005801
9050,0.005801
9051,0.005801
9052,0.005801
9054,0.005801
9056,0.005801
9059,0.005801
9061,0.005801
9077,0.005801
9080,0.005801
9081,0.005801
9084,0.005801
9085,0.005801
9087,0.005801
9090,0.005801
9092,0.005801
9095,0.005801
9101,0.005801
9105,0.005801
9106,0.005801
9108,0.005801
9112,0.005801
9113,0.005801
9114,0.005801
9116,0.005801
9119,0.005801
9121,0.005801
9129,0.005801
9130,0.005801
9134,0.005801
9139,0.005801
9140,0.005801
9141,0.005801
9142,0.005801
9145,0.005801
9148,0.005801
9150,0.005801
9151,0.005801
9152,0.005801
9155,0.005801
9158,0.005801
9163,0.005801
9174,0.005801
9178,0.005801
9185,0.005801
9191,0.005801
9193,0.005801
9194,0.005801
9195,0.005801
9196,0.005801
9199,0.005801
9200,0.005801
9202,0.005801
9203,0.005801
9205,0.005801
9209,0.005801
9211,0.005801
9216,0.005801
9218,0.005801
9219,0.005801
9220,0.005801
9222,0.005801
9225,0.005801
9226,0.005801
9228,0.005801
9232,0.005801
9237,0.005801
9240,0.005801
9246,0.005801
9250,0.005801
9255,0.005801
9257,0.005801
9265,0.005801
9266,0.005801
9267,0.005801
9268,0.005801
9270,0.005801
9278,0.005801
9279,0.005801
9282,0.005801
9283,0.005801
9293,0.005801
9294,0.005801
9295,0.005801
9296,0.005801
9299,0.005801
9301,0.005801
9302,0.005801
9308,0.005801
9310,0.005801
9314,0.005801
9315,0.005801
9316,0.005801
9320,0.005801
9323,0.005801
9324,0.005801
9329,0.005801
9331,0.005801
9341,0.005801
9342,0.005801
9344,0.005801
9345,0.005801
9347,0.005801
9349,0.005801
9352,0.005801
9354,0.005801
9356,0.005801
9358,0.005801
9362,0.005801
9365,0.005801
9373,0.005801
9374,0.005801
9380,0.005801
9381,0.005801
9382,0.005801
9383,0.005801
9386,0.005801
9388,0.005801
9391,0.005801
9393,0.005801
9396,0.005801
9397,0.005801
9398,0.005801
9400,0.005801
9406,0.005801
9419,0.005801
9420,0.005801
9423,0.005801
9427,0.005801
9439,0.005801
9444,0.005801
9446,0.005801
9447,0.005801
9451,0.005801
9454,0.005801
9460,0.005801
9463,0.005801
9464,0.005801
9469,0.005801
9474,0.005801
9477,0.005801
9478,0.005801
9479,0.005801
9480,0.005801
9485,0.005801
9486,0.005801
9488,0.005801
9491,0.005801
9495,0.005801
9504,0.005801
9505,0.005801
9506,0.005801
9512,0.005801
9516,0.005801
9517,0.005801
9523,0.005801
9528,0.005801
9532,0.005801
9535,0.005801
9536,0.005801
9537,0.005801
9545,0.005801
9548,0.005801
9551,0.005801
9555,0.005801
9556,0.005801
9562,0.005801
9566,0.005801
9569,0.005801
9570,0.005801
9574,0.005801
9576,0.005801
9578,0.005801
9580,0.005801
9584,0.005801
9587,0.005801
9589,0.005801
9600,0.005801
9601,0.005801
9602,0.005801
9603,0.005801
9604,0.005801
9607,0.005801
9610,0.005801
9611,0.005801
9614,0.005801
9616,0.005801
9617,0.005801
9619,0.005801
9620,0.005801
9627,0.005801
9628,0.005801
9635,0.005801
9636,0.005801
9639,0.005801
9641,0.005801
9650,0.005801
9651,0.005801
9652,0.005801
9659,0.005801
9661,0.005801
9662,0.005801
9666,0.005801
9667,0.005801
9668,0.005801
9669,0.005801
9671,0.005801
9680,0.005801
9681,0.005801
9683,0.005801
9685,0.005801
9686,0.005801
9687,0.005801
9689,0.005801
9691,0.005801
9692,0.005801
9694,0.005801
9695,0.005801
9697,0.005801
9698,0.005801
9707,0.005801
9708,0.005801
9709,0.005801
9714,0.005801
9724,0.005801
9726,0.005801
9728,0.005801
9729,0.005801
9734,0.005801
9740,0.005801
9741,0.005801
9742,0.005801
9744,0.005801
9751,0.005801
9755,0.005801
9757,0.005801
9760,0.005801
9762,0.005801
9765,0.005801
9768,0.005801
9769,0.005801
9779,0.005801
9782,0.005801
9784,0.005801
9789,0.005801
9795,0.005801
9797,0.005801
9798,0.005801
9800,0.005801
9803,0.005801
9804,0.005801
9805,0.005801
9811,0.005801
9812,0.005801
9818,0.005801
9822,0.005801
9824,0.005801
9831,0.005801
9833,0.005801
9834,0.005801
9835,0.005801
9838,0.005801
9841,0.005801
9842,0.005801
9843,0.005801
9848,0.005801
9849,0.005801
9852,0.005801
9854,0.005801
9859,0.005801
9861,0.005801
9864,0.005801
9865,0.005801
9867,0.005801
9872,0.005801
9874,0.005801
9875,0.005801
9877,0.005801
9878,0.005801
9879,0.005801
9880,0.005801
9885,0.005801
9886,0.005801
9904,0.005801
9906,0.005801
9917,0.005801
9918,0.005801
9919,0.005801
9921,0.005801
9923,0.005801
9924,0.005801
9928,0.005801
9929,0.005801
9930,0.005801
9933,0.005801
9939,0.005801
9946,0.005801
9948,0.005801
9961,0.005801
9962,0.005801
9965,0.005801
9967,0.005801
9976,0.005801
9977,0.005801
9980,0.005801
9981,0.005801
9988,0.005801
9989,0.005801
9993,0.005801
9995,0.005801
9997,0.005801
9998,0.005801
9999,0.005801
10004,0.005801
10006,0.005801
10008,0.005801
10009,0.005801
10014,0.005801
10015,0.005801
10020,0.005801
10021,0.005801
10027,0.005801
10029,0.005801
10030,0.005801
10033,0.005801
10034,0.005801
10035,0.005801
10037,0.005801
10039,0.005801
10047,0.005801
10050,0.005801
10051,0.005801
10056,0.005801
10057,0.005801
10062,0.005801
10064,0.005801
10065,0.005801
10068,0.005801
10072,0.005801
10074,0.005801
10081,0.005801
10083,0.005801
10085,0.005801
10089,0.005801
10093,0.005801
10099,0.005801
10100,0.005801
10102,0.005801
10104,0.005801
10106,0.005801
10108,0.005801
10111,0.005801
10112,0.005801
10115,0.005801
10117,0.005801
10119,0.005801
10120,0.005801
10123,0.005801
10127,0.005801
10131,0.005801
10132,0.005801
10134,0.005801
10136,0.005801
10142,0.005801
10145,0.005801
10152,0.005801
10155,0.005801
10156,0.005801
10158,0.005801
10160,0.005801
10162,0.005801
10164,0.005801
10165,0.005801
10168,0.005801
10171,0.005801
10173,0.005801
10179,0.005801
10180,0.005801
10185,0.005801
10193,0.005801
10195,0.005801
10197,0.005801
10207,0.005801
10208,0.005801
10215,0.005801
10216,0.005801
10218,0.005801
10219,0.005801
10224,0.005801
10229,0.005801
10230,0.005801
10233,0.005801
10234,0.005801
10236,0.005801
10239,0.005801
10241,0.005801
10249,0.005801
10251,0.005801
10253,0.005801
10255,0.005801
10258,0.005801
10259,0.005801
10261,0.005801
10266,0.005801
10268,0.005801
10270,0.005801
10272,0.005801
10273,0.005801
10276,0.005801
10277,0.005801
10278,0.005801
10281,0.005801
10282,0.005801
10284,0.005801
10293,0.005801
10294,0.005801
10296,0.005801
10298,0.005801
10300,0.005801
10304,0.005801
10310,0.005801
10313,0.005801
10317,0.005801
10320,0.005801
10324,0.005801
10325,0.005801
10330,0.005801
10331,0.005801
10334,0.005801
10337,0.005801
10346,0.005801
10348,0.005801
10353,0.005801
10354,0.005801
10358,0.005801
10360,0.005801
10370,0.005801
10384,0.005801
10388,0.005801
10389,0.005801
10391,0.005801
10392,0.005801
10395,0.005801
10400,0.005801
10402,0.005801
10408,0.005801
10414,0.005801
10415,0.005801
10416,0.005801
10421,0.005801
10424,0.005801
10428,0.005801
10434,0.005801
10435,0.005801
10436,0.005801
10440,0.005801
10442,0.005801
10448,0.005801
10450,0.005801
10451,0.005801
10452,0.005801
10453,0.005801
10455,0.005801
10462,0.005801
10464,0.005801
10467,0.005801
10471,0.005801
10472,0.005801
10476,0.005801
10477,0.005801
10484,0.005801
10489,0.005801
10494,0.005801
10495,0.005801
10503,0.005801
10504,0.005801
10506,0.005801
10508,0.005801
10509,0.005801
10513,0.005801
10514,0.005801
10517,0.005801
10519,0.005801
10521,0.005801
10522,0.005801
10524,0.005801
10527,0.005801
10530,0.005801
10532,0.005801
10534,0.005801
10535,0.005801
10536,0.005801
10538,0.005801
10539,0.005801
10543,0.005801
10545,0.005801
10546,0.005801
10547,0.005801
10550,0.005801
10557,0.005801
10559,0.005801
10563,0.005801
10574,0.005801
10583,0.005801
10584,0.005801
10588,0.005801
10590,0.005801
10593,0.005801
10596,0.005801
10598,0.005801
10606,0.005801
10610,0.005801
10612,0.005801
10613,0.005801
10617,0.005801
10619,0.005801
10624,0.005801
10627,0.005801
10634,0.005801
10637,0.005801
10642,0.005801
10654,0.005801
10656,0.005801
10657,0.005801
10659,0.005801
10661,0.005801
10664,0.005801
10672,0.005801
10676,0.005801
10683,0.005801
10684,0.005801
10686,0.005801
10693,0.005801
10696,0.005801
10699,0.005801
10704,0.005801
10706,0.005801
10707,0.005801
10709,0.005801
10712,0.005801
10715,0.005801
10716,0.005801
10717,0.005801
10725,0.005801
10727,0.005801
10731,0.005801
10734,0.005801
10742,0.005801
10744,0.005801
10747,0.005801
10754,0.005801
10757,0.005801
10761,0.005801
10762,0.005801
10763,0.005801
10765,0.005801
10772,0.005801
10773,0.005801
10781,0.005801
10784,0.005801
10785,0.005801
10792,0.005801
10793,0.005801
10805,0.005801
10807,0.005801
10808,0.005801
10809,0.005801
10811,0.005801
10815,0.005801
10816,0.005801
10819,0.005801
10823,0.005801
10825,0.005801
10829,0.005801
10834,0.005801
10836,0.005801
10839,0.005801
10841,0.005801
10842,0.005801
10849,0.005801
10855,0.005801
10858,0.005801
10859,0.005801
10862,0.005801
10864,0.005801
10865,0.005801
10866,0.005801
10869,0.005801
10871,0.005801
10875,0.005801
10876,0.005801
10878,0.005801
10884,0.005801
10885,0.005801
10891,0.005801
10894,0.005801
10904,0.005801
10907,0.005801
10918,0.005801
10926,0.005801
10929,0.005801
10931,0.005801
10935,0.005801
10936,0.005801
10940,0.005801
10941,0.005801
10946,0.005801
10949,0.005801
10950,0.005801
10952,0.005801
10953,0.005801
10965,0.005801
10966,0.005801
10971,0.005801
10972,0.005801
10974,0.005801
10975,0.005801
10978,0.005801
10981,0.005801
10984,0.005801
10987,0.005801
10989,0.005801
10990,0.005801
10991,0.005801
10994,0.005801
10995,0.005801
10996,0.005801
10998,0.005801
11003,0.005801
11006,0.005801
11009,0.005801
11010,0.005801
11011,0.005801
11012,0.005801
11014,0.005801
11019,0.005801
11020,0.005801
11021,0.005801
11024,0.005801
11027,0.005801
11035,0.005801
11036,0.005801
11039,0.005801
11040,0.005801
11043,0.005801
11045,0.005801
11047,0.005801
11051,0.005801
11059,0.005801
11065,0.005801
11067,0.005801
11071,0.005801
11076,0.005801
11077,0.005801
11079,0.005801
11080,0.005801
11084,0.005801
11086,0.005801
11089,0.005801
11093,0.005801
11094,0.005801
11097,0.005801
11102,0.005801
11103,0.005801
11105,0.005801
11107,0.005801
11109,0.005801
11113,0.005801
11116,0.005801
11118,0.005801
11121,0.005801
11123,0.005801
11126,0.005801
11129,0.005801
11136,0.005801
11138,0.005801
11140,0.005801
11146,0.005801
11150,0.005801
11157,0.005801
11161,0.005801
11169,0.005801
11171,0.005801
11174,0.005801
11177,0.005801
11180,0.005801
11182,0.005801
11184,0.005801
11187,0.005801
11189,0.005801
11193,0.005801
11194,0.005801
11195,0.005801
11197,0.005801
11198,0.005801
11199,0.005801
11200,0.005801
11203,0.005801
11206,0.005801
11207,0.005801
11211,0.005801
11212,0.005801
11213,0.005801
11216,0.005801
11217,0.005801
11219,0.005801
11223,0.005801
11225,0.005801
11226,0.005801
11228,0.005801
11231,0.005801
11232,0.005801
11233,0.005801
11241,0.005801
11249,0.005801
11250,0.005801
11252,0.005801
11256,0.005801
11263,0.005801
11267,0.005801
11268,0.005801
11271,0.005801
11275,0.005801
11276,0.005801
11278,0.005801
11287,0.005801
11288,0.005801
11291,0.005801
11294,0.005801
11300,0.005801
11306,0.005801
11310,0.005801
11311,0.005801
11312,0.005801
11313,0.005801
11316,0.005801
11318,0.005801
11323,0.005801
11328,0.005801
11334,0.005801
11350,0.005801
11351,0.005801
11352,0.005801
11360,0.005801
11364,0.005801
11367,0.005801
11369,0.005801
11371,0.005801
11374,0.005801
11376,0.005801
11379,0.005801
11380,0.005801
11383,0.005801
11388,0.005801
11392,0.005801
11393,0.005801
11394,0.005801
11397,0.005801
11402,0.005801
11406,0.005801
11408,0.005801
11414,0.005801
11416,0.005801
11417,0.005801
11419,0.005801
11421,0.005801
11423,0.005801
11424,0.005801
11425,0.005801
11426,0.005801
11428,0.005801
11431,0.005801
11432,0.005801
11433,0.005801
11434,0.005801
11437,0.005801
11440,0.005801
11442,0.005801
11443,0.005801
11445,0.005801
11447,0.005801
11450,0.005801
11454,0.005801
11463,0.005801
11465,0.005801
11469,0.005801
11472,0.005801
11476,0.005801
11479,0.005801
11483,0.005801
11486,0.005801
11487,0.005801
11489,0.005801
11494,0.005801
11495,0.005801
11496,0.005801
11497,0.005801
11498,0.005801
11500,0.005801
11501,0.005801
11502,0.005801
11504,0.005801
11507,0.005801
11511,0.005801
11514,0.005801
11523,0.005801
11524,0.005801
11526,0.005801
11527,0.005801
11530,0.005801
11532,0.005801
11533,0.005801
11535,0.005801
11536,0.005801
11537,0.005801
11538,0.005801
11539,0.005801
11545,0.005801
11547,0.005801
11549,0.005801
11551,0.005801
11554,0.005801
11555,0.005801
11557,0.005801
11558,0.005801
11559,0.005801
11560,0.005801
11569,0.005801
11571,0.005801
11575,0.005801
11576,0.005801
11578,0.005801
11579,0.005801
11580,0.005801
11583,0.005801
11584,0.005801
11588,0.005801
11592,0.005801
11597,0.005801
11600,0.005801
11601,0.005801
11602,0.005801
11604,0.005801
11606,0.005801
11607,0.005801
11608,0.005801
11611,0.005801
11612,0.005801
11616,0.005801
11621,0.005801
11625,0.005801
11626,0.005801
11627,0.005801
11628,0.005801
11629,0.005801
11633,0.005801
11636,0.005801
11638,0.005801
11641,0.005801
11642,0.005801
11645,0.005801
11647,0.005801
11650,0.005801
11651,0.005801
11654,0.005801
11656,0.005801
11660,0.005801
11662,0.005801
11663,0.005801
11665,0.005801
11667,0.005801
11678,0.005801
11679,0.005801
11681,0.005801
11682,0.005801
11683,0.005801
11685,0.005801
11686,0.005801
11691,0.005801
11700,0.005801
11701,0.005801
11705,0.005801
11709,0.005801
11711,0.005801
11713,0.005801
11719,0.005801
11722,0.005801
11727,0.005801
11729,0.005801
11730,0.005801
11731,0.005801
11732,0.005801
11734,0.005801
11741,0.005801
11743,0.005801
11747,0.005801
11749,0.005801
11754,0.005801
11755,0.005801
11757,0.005801
11763,0.005801
11764,0.005801
11765,0.005801
11767,0.005801
11774,0.005801
11781,0.005801
11782,0.005801
11785,0.005801
11787,0.005801
11789,0.005801
11792,0.005801
11798,0.005801
11802,0.005801
11809,0.005801
11811,0.005801
11813,0.005801
11815,0.005801
11817,0.005801
11818,0.005801
11820,0.005801
11825,0.005801
11827,0.005801
11832,0.005801
11839,0.005801
11842,0.005801
11845,0.005801
11848,0.005801
11850,0.005801
11853,0.005801
11860,0.005801
11879,0.005801
11883,0.005801
11886,0.005801
11890,0.005801
11894,0.005801
11901,0.005801
11902,0.005801
11903,0.005801
11904,0.005801
11905,0.005801
11906,0.005801
11909,0.005801
11915,0.005801
11916,0.005801
11917,0.005801
11920,0.005801
11921,0.005801
11923,0.005801
11924,0.005801
11925,0.005801
11926,0.005801
11927,0.005801
11932,0.005801
11934,0.005801
11936,0.005801
11940,0.005801
11941,0.005801
11943,0.005801
11948,0.005801
11949,0.005801
11952,0.005801
11957,0.005801
11958,0.005801
11959,0.005801
11960,0.005801
11961,0.005801
11962,0.005801
11965,0.005801
11966,0.005801
11968,0.005801
11972,0.005801
11978,0.005801
11980,0.005801
11983,0.005801
11985,0.005801
11986,0.005801
11991,0.005801
11996,0.005801
11998,0.005801
